ID,Like,Comment
             Ly Ly           ,2500.0,"Everyday we're getting closer to 700M, but the gap is also getting smaller.. BLINKS stre4m harder!!!"
             Anh Lan           ,9500.0,Lisa
             Fresrit Gaming           ,49000.0,Jisooo
             Wss 16           ,53000.0,Jisoo
             b o i           ,9300.0,"I swear Lisa is such a bias wrecker,her rap tho-"
             Elizabeth Forero           ,6100.0,Vote for BLACKPINK MAMA SOTY.
             Alwin Malonzo           ,37000.0,Lisa- FIREJennie- FABRose- FIERCEJisoo- FANCY
             yacine sg           ,59000.0,ROS√â I LOVE YOU
             Misa Mu           ,7100.0,"If you're a hater, go away! We are all looking for love and positivity."
             KookieDreamer           ,45000.0,"Lisa/Jennie: Look at you, now look at meme: insecurities have entered the chat"
             Lamismamayelin05 Suazo           ,8800.0,VOTE FOR BLACKPINK MAMA SOTY
             Veeresh Kiccha           ,22000.0,Jisoooo
             Majalisil Ni'matul B           ,12000.0,KIM JISOOKIM JENNIEPARK CHAEYOUNGLALISAWE LOVE YOU
             shaima Alkatheeri           ,3400.0,Jisoo voice
             BlinkTeumeArmy A           ,9400.0,Rose proved she‚Äôs the main vocal 0:28-0:41
             Kim Jeon           ,1100.0,If blackpink wins it will be the best gift for blinks and to them blackpink!
             Wirsta Nugraha           ,23000.0,Lisa and Jennie : Look at you now look at meMe: quickly grab a mirror
             diana carcamo           ,6800.0,‚ÄúLaugh all you want while you still can‚Äù YASSSS B!!!
             Kulsum Nagori           ,31000.0,"For new blinks who don't know,Blue Girl - Ros√© QueenBrown Girl - Jisoo QueenBlonde Girl - Jennie QueenBlack/pink Girl - Lisa Queen.Hope this helps u."
             Introvert Hub           ,14000.0,ATAY YAWA NG BALIK BALIK NA COMMENT PISTE. DI MAN LAMAN TA KITAG TARONG NA COMMENT. Edit: YAWA JUD DIAY! SALAMAT SA LIKES. BTW NAG KAON NAKA? AYEEEEUT HAHAHAHAHAHA
             Chu Chu           ,42000.0,"Jisoo is so gorgeous, I am obssesed with her"
             adinda naura           ,14000.0,JISOO
             BlinkTeumeArmy A           ,37000.0,Jisoo is cool and her singing is amazing
             NEOCITY           ,26000.0,this song was so good the music video was bomb blackpink never fails to impress me with every song EDIT: omg thank you for the likes
             Joshua Ochoa           ,15000.0,"HELLO POTA MAG 12 NA NG MADALING ARAW, PERO STREAM PADIN MGA PEPE!!EDIT: 1:30AM NA HAHAHHAHA WALANG MATUTULOG!!! STREAM STREAM LANG. TAGAL NATIN TO INANTAY. LEZGO MGA PEPE!!! HAHAHAHHAEDIT: 2:20AM NA, WALANG MATUTULOG PH BLINKS, ANO BA NAMAN ANG 1 DAY NA PAG PUPUYAT SA 1 YEAR NATING PAG INTAY SA COMEBACK NILA! LEZGOOOO STREAM!EDIT: 2:46AM NA, MALAPIT NA MAG 50 MILLION!! STREAM STREAM BLINKS!!!EDIT: 2:54AM, NAKA FREEZE ANG VIEWS PUNYETA YOUTUBE!!!EDIT: 3:04AM, NAKA FREEZE PADIN ANG VIEWS!! KANINA PA SANA NATIN NA ACHIEVE ANG 50 MILLION HNNNG YOUTUBE!!4:20AM: 50 MILLION NA GUYSSSSS! KSAJAHFG. PERO WAG MUNA TAYO TAMARIN, GAWIN NATING 80 MILLION!2:40PM: WE CAN REACH 80M!!! FIGHTING!! Malaki pa oras  2Hrs and 20Min!!WE DID IT GUYSSSS!!! 80 MILLION VIEWS!!"
             Sara\ Pandi           ,4400.0,Blackpink is art
             Andrei Williams           ,442.0,#PARTYSTR3AMFORBLACKPINKC'MON BLINKS!!!!!
             akulipia           ,13000.0,buru blink indo mari ramaikan komen
             BlueFox C I N G           ,31000.0,"They killed it! My favourite moments:- Kim Jisoo, just Kim Jisoo- Ros√©'s background in the beginning was just so    wow- Lisa's rap. Didn't know but I needed it- Jennie's outfit. No need to more- ""I kiss you goodbye"" , ""Badabim badaboum boum boum"" ""Now look at u now look at me""- 2:22- 2:32- 2:41What are youre favourite moments ?Edit: omg I didn't expected that much like, thank you so much!"
             First name Last name           ,45000.0,Just keep on hating. It'll never change the fact that Blackpink is the queen.
             Name Newest           ,7400.0,Jisoo so beautiful.
             Nicole Angulo           ,275.0,"VOTEN POR BLACKPINK EN LOS MAMA 2020 EN LAS CATEGOR√çAS NOMINADAS, VAMOS!!!"
             ‡∏õ‡∏è‡∏¥‡∏†‡∏≤‡∏ì ‡∏£‡∏∏‡∏Å‡∏Ç‡∏∞‡∏ß‡∏±‡∏í‡∏ô‡πå           ,24000.0,We love BLACKPINK!
             Ruby H.           ,21000.0,Kim Jisoo nailed it
             Haechannie           ,100000.0,We have to drown the annoying ‚Äúno one:‚Äù jokes with other comments                 Edit: since this has 1k thumbs up let me tell you to have a safe and good day blinks :)
             its BP           ,32000.0,BLACKPINK SUPERGROUP
             RM‚Ä¢‚Ä¢ BTS           ,1900.0,Popular opinion: Everyone wants to SEE BLACKPINK in real life .
             Simp4lisaandtaeyong           ,12000.0,BLACKPINK REALLY KILLED EVERYONE ENDED KPOP DOMINATED THE WORLD AND SAID LOOK AT YOU NOW LOOK AT ME
             cinta safitri           ,34000.0,LALISA CLEOPATRA MANOBAN ..EY
             amel lubis           ,5500.0,JISOO‚ù§Ô∏èJENNIE‚ù§Ô∏èROSE‚ù§Ô∏èLISA‚ù§Ô∏è
             elsa cazenave           ,73000.0,2016= Boombayah2017=  As If Its Your Last 2018 = Ddu Du Ddu2019 = Kill This Love2020 = How You Like That   BLACKPINK IN YOUR AREA
             Internet f4iry           ,18000.0,BRUH they all slayed but Lisa can gladly drag me by my wig
             Erica Cassandra Pawig           ,4800.0,"PLAYING WITH FIRE: Look at me, look at me nowKILL THIS LOVE: Look at me, look at youHOW YOU LIKE THAT: Look at you, now look at meEDIT: VOTE BLACKPINK ON MAMA"
             Rhode Xerxes Dulalas           ,3500.0,"If BLACKPINK will attend MAMA, it will be a bomb."
             Nintendo DS.           ,16000.0,They actually look like they‚Äôre having funEdit:thank you guys so much for so many  likes I really appreciate it
             ‡∏ô‡∏±‡∏ô‡∏ó‡πå‡∏ô‡∏†‡∏±‡∏™ ‡∏°‡∏≠‡∏á‡πÄ‡∏Ñ‡∏ô           ,4400.0,Jisoo
             STAN BLACKPINK           ,644.0,"IT'S NOT BLACKPINK, IT'S SUPER BLACKPINK WITH A STRONG BLINKS."
             ArmyBlink           ,305.0,KIM JISOOKIM JENNIEPARK CHAEYOUNGLALISABLACKPINK
             Kascha James           ,11000.0,My 4 year old son loves this song so much. He calls this song ‚Äúthe scary one‚Äù LOL
             Fluttershy Sparkle           ,739.0,Preciosas uwu
             Georgie George           ,55000.0,Whoever read this comment...I hope you will be succesful like this BlackPink group and have a nice day!
             Rifki Dhio           ,67000.0,NOT JISOO ERANOT JENNIE ERANOT ROS√â ERANOT LISA ERAITS JUST BLACKPINK ERA
             Alyanna Hill           ,23000.0,"Oke, BLACKPINK IN YOUR AREA! LUVV U"
             hirelia hirelia           ,1100.0,Lalalisa Manoban is dance queen
             kha nguyen           ,725.0,please vote for BLACKPINK
             Bora Shin           ,23000.0,Blackpink:Rose!Jisoo!Jennie!Lisa!They are so pretty!
             Roselle           ,17000.0,A fan's reflection based on their idols. Hope they'll be proud of you all. I love you
             ÌïòÏßÄÎßàÏò§Ïú§ÏÑú           ,20000.0,Let‚Äôs appreciate how lit this song is this song went hard
             Naz Polat           ,574.0,"Lisa once said ""Yadom""""Choclatte noodle""""Luis is fat cat""""Ehehe""""More feel""""My name is jichu""""Omg daddy""""Aa park chayeong""""I'm the hottest okay?""turk¬°sh blink"
             maengay mercadejas           ,120000.0,"I really like this song, BLACKPINK didn't disappoint us!!"
             Panrudee Nakphuk           ,4300.0,Lisaaa
             Loona Del Rey           ,21000.0,"I want to be that donkey, so I can at least get to meet Lisa"
             ŒîŒÆŒºŒ∑œÑœÅŒ± ŒíŒªŒ±œáŒøŒΩŒπŒ∫œåŒªŒ±           ,63000.0,"The outfits, the visuals, the hairstyles, the choreography, everything about this video is just absolutely perfect, I feel that 2020 is their year guys. I mean imagine how the studio album will be if this is just the pre-release single !!"
             Kim Jeon           ,867.0,Funfact: HYLT DANCE PERFORMACE is acting like an mv.
             BlinkTeumeArmy A           ,27000.0,"Lisa‚Äôs rap is so coolBy the way blinks let‚Äôs vote on Choeaedol  app for Blackpink. Watch ads, collect hearts and vote.:) The voting had begun 14th Oct. We still have loads of time so please make an account and start voting. Thank you :)"
             Rain K           ,22000.0,THIS SONG SLAPPED PERIOD. LOOK AT U NOW LOOK AT ME This is my first comeback with Blackpink and I am BEYOND satisfied
             Az-Zahra _K           ,23000.0,"""Laugh all you want while you still can"" because one day you will be mute with the hatred you have  ;)It's for the haters ^>^"
             Not Rosie But Roseanne           ,35000.0,People be like commenting about STOP SPAMMING and me is here in my bed enjoying the HYLT and appreciating each QUEENS
             Moises Salazar           ,282.0,BLINKS QUE PASO TENEMOS QUE HACER STR44M A NUESTRAS REINAS.SI QUIEREN QUE GANEN LAS ‚ô°CHICAS‚ô°HAGANLO POR ELLAS DEMOSTREMOS EL AMOR DE ELLAS/BLINK FOREVER.
             i'll name my car JYP so i can park jin young           ,12000.0,"Unaswerable question:Who wrote the first ""No one, Absolutely no one"" comment in this MV?And also:WHEN WILL YOU STOP? I WANT TO SEE USEFUL COMMENTS, FULL OF LOVE TO GIRLSEdit: I'm super late, but still, YAAAAAY! There are no more spam comments in this video! Also, these type of comments are very wrong. K-Pop should be a household for everyone, and we shouldn't hate each other, as fandoms that we are."
             Ana Stephanie Zamora           ,47000.0,This is stupid. Real blinks come here to comment on the girls and the music video! Stop spamming the same thing over and over! Blinks report these please!!             (Edit) sorry for the late edit! For those of you that are late we got rid of all those spam comments! And let‚Äôs just make this comment section into a positive space where we can enjoy the hard work that our girls did to get us this AMAZING comeback!! There‚Äôs no need to be negative. If you don‚Äôt like BLACKPINK then don‚Äôt comment. Much love to my blinks ü§ç
             Ava Alirezaei           ,6600.0,See lisa killin‚Äô it
             tata's dad           ,29000.0,idek what genre to call this but DUNDUNDUND DURN DURN DUR DUN
             Lisa M           ,2000.0,"DO NOT INTERACT WITH HATERS, JUST FOCUS ON BLACKPINK. DO NOT REPLY THEIR COMMENT"
             Destiny C           ,42000.0,"The vocals, visuals, dances and the raps is EVERYTHINGGGGGG"
             nelav yoo           ,2400.0,"0:41 Rosie, you're so cute"
             Rey Golino           ,40000.0,Please report the ‚ÄúNo one literally no one‚Äù they're trying to freeze the vi3ws spread !!!edit: Thanks for the likes and opinions blinks!keep streaming HYLT and give a positive comment!
             Armie Gragasin           ,35000.0,"Trust me if blackpink go to an award they will win like the speed of lightEdit:thanks for all the likes but you shouldn't fight redvelevet, twice, and bp are friends so we should be friends too"
             Kim Jeon           ,2900.0,"Us Blinks don't need expensive gifts, all we want is BLACKPINK to win SOTY! then work hard and str3am."
             Brenda Sultana           ,2000.0,They've never disappointed us But YG on the other hand..... yeah they suck
             isabelle Rodrigues           ,667.0,Lisa rap omg
             Emily Gutierrez           ,20000.0,Why is no one talking about the mv??We got them trending good job blinks let's continue helping our queens rise higher and show the hater that they're wrong
             Jessie Simon           ,42000.0,i feel like the beat and the lyrics are appealing to both men and women - not all songs are like that. (EDIT: since the haters are keen on misunderstanding for the sake of flack. In no way did I imply that certain genders cannot listen to a certain type of song. But if that's what you understood from this comment then go cry to your mommy LOL)
             ONLY AR           ,64000.0,BLACKPINK - ‚ÄòHow You Like That‚Äô has been certified 3x Platinum on QQ Music. It‚Äôs now the fastest Korean song to do so
             unscaryjisoo           ,52000.0,"I actually cried, I was waiting for this comeback since yg announced it. I‚Äôm so happy rn-Edit: How the heck did I get 5.2k likes in 2 hours I‚Äôm so surprised-Edit 2: how the actual heck, did I get 45k likes dude- :‚Äô)"
             Sameera Badarudheen           ,9.0,Stream harder atleast upto 30 days(December 31)Please!
             turtle rabbit           ,9.0,WE NEED TO GET 764 TODAY!!!!!
             iu_jieuniee           ,9300.0,"Let‚Äôs get this to the first most viewed mv in 24hours!!Edit: We did it Blinks!!!! Now our goal is 100M!!2nd Edit: WOW 100M is achieved, next goal would be 200M, shouldn‚Äôt be long before our goal reaches 1 Billion!!3rd Edit: Omg, it's alr 200M, is gonna reach 300M quick:)!!4th Edit: It's alr 300M I dunno how long it will take for me to edit again!:)5th Edit: 400M!!!! YEAHHH6th Edit: It's 500MMM, kinda wish it can reach 1B fast:)7th Edit: wanted to edit when it's 1B but people been chasing me so I guess it's time for 600M:)"
             Ceci k           ,19000.0,THESE QUEENS ARE EVERYTHING
             Lara Aura Larios Licea           ,8.0,JENNIE
             Rahma Assifa 9.10_MT           ,24000.0,"Dear Blinks,I'm truly sorry on the behalf of the anti's that are commenting on this video. In my perspective, I think that haters/anti's are just trying to spam continuously on both Stay Gold and How You Like That M/V's to make us think that us fandoms are the ones behind it. As a true Army, We never even planned on sabotaging your goals and still respected you guys and BP. So please, dont blame this on us and just report them.  But I saw some part of your fandom thinking that we are the one's behind this and started commenting the same thing to get ""revenge"", and I really don't think that's acceptable and it's just making your fandom's reputation go down. All i'm asking is to just realize that neither of us are a part of this and that it's the haters fault who started this whole chaos, thank you.From, Army+No fanwars please :(+And no, i'm not saying that the ""toxic one's"" are Armies, but K-pop Haters I hope you understand..+Don't post a link to your video please my comment is not a promotion market :v"
             adinda naura           ,3300.0,JISOO
             jjinnjin yeah           ,56000.0,Don't like me? Then tell me how you like that - Blackpink
             tuong nguyen           ,7400.0,Vi·ªát nam ƒëi·ªÉm danh n√†o
             Sharlene Fuentes           ,27000.0,79M views in 22hrsJennie to haters: with a smile on my face I'll KISS you goodbye!!!Edited: (1)86.3M views in 24hrsCONGRATULATIONS EVERYONE!!!CONGRATULATIONS BLACKPINK!!!*Thank you guys*SPREAD LOVE NOT HATE!Keep safe y'all!!!Edited: (2)200M views in just a week!! HORAAYYYY!! Congratulations again!!!!
             Tae loves kookie           ,5600.0,I am a ARMY and I find it very rude to just hate on BP cause I stan both and like them both but people are just judgemental
             chOu GoLD           ,1700.0,i love it ÿßÿ≠ÿ®ŸÉŸÖ ÿ®ŸÑÿßŸÉ ÿ®ŸäŸÜŸÉŸÉ ŸàŸäŸÜŸÉŸÖ Ÿäÿßÿπÿ±ÿ®
             turtle rabbit           ,7.0,PLEASE WATCH THE MV!!! THE GIRLS NEEDS US TO WIN!!!!! SO PLEASE IF YOU LIKE THEM TO WIN AN AWARD PLEASE WATCH THE MV OF HOW YOU LIKE THAT!!!
             Rifki Dhio           ,6400.0,THEY OUTFIT MORE THAN AWESOME
             Voranouth Supadulya           ,17000.0,Love the modernized traditional Korean outfits!
             Bby V           ,2300.0,Jisoo Jennie Lisa Ros√© <3
             elba zurita           ,460.0,"Vamos blinks!!! Ignoren a lxs haters, nosotrxs podemos m√°s!"
             Blinkoloji           ,10000.0,Perfect...
             0T4 PINKS           ,2100.0,blinks let‚Äôs be united so blackpink can get the awards that they deserve keep str3aming the HYLT mv and vote Blackpink on MAMA
             ABDEL SWITCH           ,7400.0,THE SONG IS SO AMAZING
             I Purple You           ,928.0,Blackpink b√∂lgenizde Turkish blink
             Illary Samira           ,3600.0,"Any Selenators , Arianators , Little Monsters , and here to support BLACKPINK  and stream How You Like That"
             ali veli           ,1500.0,Gidiyorum cehennemin taa dibine.Gelcen mi?TURKISH BLINK
             L∆∞∆°ng Chung Th∆∞·ªüng           ,2500.0,"Blinks are str3aming this MV.Lisa said: ""one more time""""One more time time""......"
             Stephanie Jane Andoy           ,27000.0,BLACKPINK: How you like that?Me: NO I DON'T LIKE IT COZ I LOVEEEE IT VERYYY MUCHHHH!!!Edit (2). Emojis don't freeze the views guys <3
             ·Ñè·Ñè·Ñè·Ñè           ,11000.0,haters: spamming commentblackpink: non-stop record breakingblinks: how you like that
             Javi Solar           ,409.0,VAMOS BLINKS POR LOS PREMIOS MAMA DE NUESTRAS PINKS!!!!
             Midnight MoonProductions           ,4600.0,Anti-fans: THEIR TERRIBLE SINGERSBlackpink: HOW U LIKE THAT?
             Baekie Byun           ,3400.0,Jisoo visuali der susarƒ±m.
             LISA'S GF           ,32000.0,"These people in the comments section need a brain, I swear...."
             jade           ,25000.0,wtf is happening with bts' and this queen's mv? it literally has the same comment in every each person
             Kim Jeon           ,449.0,"Real life: If we stream, Blackpink wins, If we Vote, Blackpink wins."
             Stephanie Jane Andoy           ,46000.0,"BLACKPINK: How you like that?Me: NO I DON'T LIKE IT COZ I LOVEEEE IT VERYYY MUCHHHH!!Edit: Done. Sorry I did not know emojis freezes the views :3Edit (2): Emojis don't freeze the views (;Edit (3): I am not a liar. I was so fed up reading ""no one"" comments so I tried to leave good comments as possible so blinks may see atleast one decent comment. I'M A HUGE BLACKPINK FAN Y'ALL, and yes I'm a swiftie too :*"
             better hill           ,21000.0,"My 3 years old niece like ""KILL THIS LOVE"" better than this song, because there is something like duck in the MV lolAnyways, I can tell that she is blink too now. Hahahhaa ahh she is so cute when she dance to blackpink song.Edited: wow thank you for so many likes, I didn't expect it at all. And that's actually 2 swans in Jennie's scene (not duck).Some people really need to chill, my niece is 3 years old who has her own preference, hope u all can respect that (her fav: DDD, Boombayah, KTL). and ofcourse I like all of bp songs. Actually, I just want to share my fangirling experience here, and also thank you for sharing your fangirling experience with family in this comment, that's really adorable!"
             Midnight Wolf           ,26000.0,"For all of yall wondering why everyone is commenting the same thing, some ARMYs and other toxic kpop stans are doing it to freeze views. Guys, I know you are reading this, plz stop! You have your group, we have ours. You listen to your group, we listen to ours We have been waiting a long time for this, so for the love of God, leave us aloneEdit: it doesn't matter who started it,2 wrongs don't make a right"
             MOTIVATIONAL VIDEOS           ,75000.0,How many international fans are here? üåç
             Kim Jeon           ,392.0,VOTE BLACKPINK IN MAMA SOTY
             Kim Jeon           ,149.0,10 reason why blackpink deserve SOTY: 1. TALENTED2.TALENTED3. TALENTED4. TALENTED5. TALENTED6. TALENTED7. TALENTED8. TALENTED9. TALENTED10. TALENTEDPLEASE STR3AM FOR OUT PINKS!
             Vanessa Rivera           ,106.0,How many filipino blinks are here?üáµüá≠üëáüëá
             Not your friend           ,37000.0,Yall keep hating but BLACKPINK keeps winning . That‚Äôs it . You‚Äôll know how useless you are . ;)
             Pqueen_delisi           ,4600.0,I wish jisoo said  ''Black pink in your area '' the beginning of the song.
             Famosinhos Teen           ,624.0,"ESTAMOS CHEGANDOO BLINKS,700 MILH√ïESSSS, N√ÉO PAREM DE ASSISTIREMMMM;-;"
             Bill TYP           ,6700.0,"83M views in 24hrs, 200M views in 7 days How you like that Haters?"
             Rizky Bintang           ,11000.0,"1x Watch : ?5x Watch : NOT BAD 10x Watch : NOT BAD AT ALL20x Watch : HoW YoU LiKeEe ThAaAaTtTtEdit : 100x watch : Now I know what my brain was created forThanks for 9,8 likes btw"
             Selly Potato           ,395.0,"Let's do it Blinks, show them that we're not called monster streamers for nothing!"
             handriansyah pakaya           ,29000.0,Im a ReVeluv here to support BLACKPINK! Lets go we can do it!!
             Judy Ann Relos           ,1100.0,One of a kind. BLACKPINK MV's are the most ICONIC of all.
             ‚Ä¢S√òY- VA≈ÅE≈á‚Ä¢           ,111.0,No bajemos la guardia. No podemos dejar que les quiten a blackpink el puesto de el v√≠deo mas visto en 2020
             Fans Club           ,2900.0,song of the year
             ŒúœÄŒøŒºœÄ Œ£œÜŒøœÖŒ≥Œ≥Œ±œÅŒ¨Œ∫Œ∑œÇ           ,29000.0,This is song is so addictive I can't stop listening to it.
             Andrea Baikole           ,24000.0,G-DRAGON POST THIS ON HIS STORY
             WHITE BLUE OPPA           ,1100.0,"Blink, what if this be the last time we saw them in this concept? :("
             Min Z           ,26000.0,I am: I've seen everything in life!!!BLACKPINK: How you like that?
             CJ Molano           ,694.0,BLINKS who wants the girls to win in MAMA 2020üëá
             Josh Stephen A. Astillero           ,1400.0,BLINKS who wants the girls to win in MAMA 2020üëá
             Luna 007           ,17000.0,"Can we appreciate how great they performed for their comeback i mean this is really a masterpiece They killed it.I can't get the song off my head i literally sang it everyday, i'm really addicted to this powerful song."
             Ly Ly           ,432.0,BLACKPINK World Domination
             Tian Paulin           ,37000.0,Look at you now look at me
             pralay           ,31000.0,Who wants this bop to hit 1 billion soon?
             Famosinhos Teen           ,796.0,VAMU VAMU 700 MILH√ïESSSS
             plus nation           ,336.0,Main rapper jennie unni Main vocal ros√© unnie Main dancer lisa unnie Main visual & secret leader & blink's  mom jisoo unnie
             In hh           ,12000.0,"You guys haters, whatever you guys do, BLACKPINK STILL CAN TAKE OVER THE CHART LOL"
             Lesyeuxde_mandu           ,4100.0,Have listened to this tons of times already but l'm still obsessing over lisa's badabingbadaboomboomboom :'))))
             hatice           ,22000.0,Blink don't hate ARMY and ARMY don't hate Blinks !!These are just haters of both groups!!!
             Blackpink In your area           ,91.0,"Vamos blinks , hagamos que las pinks ganen todo lo que se merecen"
             Andeng           ,20000.0,"I think the reason yg rarely makes blackpink comeback is because its big. And when I say big, its just BIG. Like just look at those background props damn. Their mvs are so grand its like throwing money everywhere. Im not complaining thoü§©"
             SANTIAGO CALDER√ìN MORENO           ,571.0,Popular Opinion: BLACKPINK song is getting better and getting everytime has COMEBACK.
             Listen Linda           ,22000.0,"The spam comments are hurting my head- anyways slayed by this comeback.Edit: guys thank you for the love and likes. And also let‚Äôs not start fan wars, I love all of our fellow kpop groups/fandoms. Let‚Äôs not let the trolls divide us, we are better than them!!!!"
             James Bonn           ,33000.0,"This song is a banger! I like how the song started soft. The build up is so good. I got chills all over my body, really! And when the drop came, I‚Äôm like.... uhm yeah! I really really like this. Can‚Äôt stop myself from repeating it. Ughhhh, this is so good. 1, 2, 3 Ha How you like that?"
             Ÿã           ,232.0,you want blackpink to attend on MAMA? let's str3am and vote bp on MAMA first.
             madhu Rawat           ,14000.0,This song is amazing. Blackpink comeback with a bop. Loved it!!!
             lalice amanda           ,5700.0,"Blackpink Queen's never disapointed me.. they'r slaying queen ,amazing girls.."
             Laura Samaniego           ,121.0,"NOSOTROS PODEMOS BLINKS , ESTE TIENE QUE SER EL PRIMER SOTY DE BLACKPINK ,OUR QUEENS"
             Porque Me Iludes Cap√≥pi?           ,28.0,BOOMBAYAH: 1.1BWHISTLE: 600MPLAYING WITH FIRE: 600MSTAY: 300MAIIYL: 1BDDDDD: 1.5BSOLO: 600MKTL: 1.2BHYLT: 700MICE CREAM: 500MLOVESISCK GIRLS: 300MCada like eu dou 20 viwes em cada M/V
             I‚Äôm Muffin           ,81000.0,"Haters: no one literally no one blahblahblah Come on guys grow up! Don‚Äôt waste your time commenting nonsense, if you hate bp then this is not your place. Don‚Äôt ruin the mood!Edit: sorry i didn‚Äôt know that there is something happening between army‚Äôs and blinks, I just knew it in the comment section saying that blinks start the spamming so they‚Äôre gonna do it also here in BP MV, but guys have you ever think of what if they‚Äôre not really a real blinks or army‚Äôs they were just antis who want us to start a fanwar? Just a disclaimer NOT ALL BLINKS WERE REAL BLINKS specially those who throw hate to others kpop groups/fandoms. So WE THE REAL BLINKS want to apologize on the behalf of the immature blonks. We waited for soooo long just to support our girls comeback so we‚Äôre not here to hate or start a war. I hope this fanwar will end not tomorrow nor later but now, because it‚Äôs totally NONSENSE, a WASTE OF TIME and full of INSECURE, IMMATURE and JUDGMENTAL people."
             CYC'S BIGGEST FAN           ,22000.0,I like how Blackpink‚Äôs ‚ÄòHow You Like That‚Äô comment section has already been memed.Edit: Sorry I didn‚Äôt realize that It was actually hate comments and not just people meming. I‚Äôm used to other content creators where their fans just do that for a joke reference or something else related. Can‚Äôt believe people are commenting it to maliciously freeze the vi3ws.
             Rosy Molina           ,106.0,Sigan haciendo STREAM DONDE EST√ÅN LAS BLINKS DE LATINOAM√âRICA
             irviniichan           ,37000.0,"Please stop with the comments,  its getting annoying.  Let us just all appreciate the music here ppl."
             Reveluv Red           ,116.0,Blackpink ustedes son hermosas no se dejen influenciar por los malos comentarios ustedes son arte las amo
             Z√ºlal Karademir           ,100.0,I love you Blacküñ§Pinküíñ
             Paing Thu           ,2800.0,Four queens are so hot and powerful
             Kim Jennie           ,1500.0,"Hadi blinks biraz daha uƒüra≈üƒ±rsak d√∂rt m√ºkemmel kadƒ±n hak ettiƒüi deƒüeri g√∂recek. L√ºtfen hepsini e≈üit sevelim.  Haksƒ±zlƒ±k yapƒ±lmasƒ±na izin vermeyelim.  Bizi daima seven, bizim i√ßin √ßabalayan kƒ±zlarƒ±mƒ±z i√ßin pes etmek yok.  Sevgilerle...           ~Turkish Blinks~"
             STREAM LOVESICK GIRLS           ,2800.0,Lets all get that triple crown or whatever that is in inkigayo again.The pinks deserves it :(((
"             √∂lmedim, ama diri de deƒüilim           ",645.0,·è¥ƒ∞·èû·èÄƒ∞·èû·é¨Œù·é†ƒ∞·é°·é∑·é¨Jisoo √∂d√ºl ≈üovlarƒ±nda aƒülamayan tek √ºye olarak biliniyor.Bƒ∞LGƒ∞LENDƒ∞RME Bƒ∞TTƒ∞Turkish Blink
             Akkineni Tanmayisri           ,720.0,HOW YOU LIKE THAT: SONG OF THE YEAR BLACKPINK: BEST FEMALE GROUP BLINKS: BEST FANDOM EVER!
             skinnyed?           ,525.0,The song is only pre released but a whole bop
             Berrak √ñzay           ,960.0,"Arkada≈ülar l√ºtfen az sonra s√∂yleyeceklerimi yapƒ±n bu √ßok √∂nemli- S√ºrekli T√ºrk√ße yorum atƒ±n ve yorumlarƒ±nƒ±zƒ±n altƒ±na ""TURKISH BLINK"" yazƒ±n- Em0ji i√ßeren yorum atmayƒ±n- Em0ji Tr3nd wi3v gibi kelimeleri bu ≈üekilde yazƒ±n- Em0ji i√ßeren yorumlarƒ± spamlayƒ±n- T√ºrk√ße yorumlarƒ± beƒüenin ve √ºste √ßƒ±kmasƒ±nƒ± saƒülayƒ±n....TURKISH BLINK"
             i'm trash           ,15000.0,for who spamming comment: look at anonymous twitter post :D edit: they posted themselves with blackpink's pillowedit 2: I'm Turkish Blink <3
             how u like that           ,6200.0,STR3AM THIS MV IF YOU WANT BLACKPINK TO WIN THE BEST FEMALE ARTIST ON MAMA MF
             ·¥õ·¥á·¥°·¥ã·¥ás  ô·¥ú Ä è           ,2900.0,Let's go 100M. Stream more blinks we got this!
             Nadia Klarisa           ,24000.0,Youtube hear me they just pretending to be bots to freeze the viewsBlackpink in our area
             ‚Ä¢p h u o n g‚Ä¢           ,194.0,Who waiting for CONCERT ONLINE OF BLACKPINKüëá
             Midari Ikishima           ,23000.0,GOAL:V7ews: 570MComments: 2.7MLikes:16.1MWE GOT IT BLINKS
             Kim Jeon           ,3200.0,Popular Opinion: WE WANT BLACKPINK TO WIN SOTY BECAUSE ITS THEIR FIRST WIN DAESANG! because why not? They are talented and well-deserve.
             Sam           ,27000.0,Can anyone tell me when they will start promoting on music shows and what shows...
             BlinkTeumeArmy A           ,2500.0,Jennie‚Äôs intro was so good
             ∆ílœÉœâ—îyÍΩÉ           ,11000.0,pls stop spamming the same comment
             Rey Golino           ,38000.0,Please report the ‚ÄúNo one literally no one‚Äù they're trying to freeze the vi3ws spread !!!
             Let me TREASURE you           ,38000.0,"I hope yt ban this ""no one, literally no one, Everyone"" thing"
             black summer           ,36000.0,no one:literally no one:haters: blackpink is back let‚Äôs‚Äî-BLACKPINK: How Ya Like That?
             Renabele Sayco           ,30000.0,lemme check how many blinks are still streaming here!. Likeeeee this
             Kuma ‡ºÑ           ,13000.0,"!!!PLEASE SPREAD!!! Those who are commenting  ""no one:  literally no one: Everyone :comments this and gets nothing of likes"" They do this to block vi3ws.They are also doing this in the comments of stay gold by BTS to sabotage them. Please report these comments. (sorry for my english but i'm italian)"
             I'm wrong           ,20000.0,70m in one day!! Don't stop to listen bp deserves it.
             BLINK as one           ,4100.0,Pls stream HOW YOU LIKE THAT MV not DANCE PERFORMANCE and vote in MAMA
             Vildana Veispahiƒá           ,45000.0,"GUYS STOP THISNo one,literally no one comments...BECAUSE IT FROZEN THE VIEWS"
             Ïù∏ÌÉÑ           ,16000.0,LET'S MAKE IT 100M IN ONE DAYY GUYSSS!!!
             j u s t b e n e           ,22000.0,"Can you guys just comment, ‚ÄúI love this‚Äù instead of those ‚Äúno one‚Äù to get attention, because you accidentally ate a raccoon when you‚Äôre younger. Please stop. Thank you for the vi3ws doe(Sarcasm is in this, don‚Äôt take this seriously)"
"             Maligaya, Angelica D. 2B           ",2500.0,Blackpink deserves an awards so please str3am hard blinks. Let's do this for BLACKPINK! FIGHTING
             Morgan Safe           ,9500.0,Omg stop spamming the comments and freezing the vi3ws!
              ô·¥á·¥õs è …¢·¥Ä Ä·¥Ñ…™·¥Ä ‡≠≠           ,1400.0,VOTE EVERYDAY FOR BLACKPINK IN MAMA
             Nezuko Kamado           ,34000.0,the more I see this the more I am addicted to this mv
             Avneesh15-Sharma           ,236.0,"Let's teach MAMA a lesson and tell them MAMA needs BLACKPINK, Blackpink doesn't need MAMA(They blurred blackpink image in 2017 with red colour and it's considered offensive and insulted them)"
             Yusuf           ,5900.0,Guys let‚Äôs break the record juice ayo.  Edit: OMG WE DID IT WE DID IT WE DID IT
             Kim Jeon           ,532.0,"Popular Opinion: HOW YOU LIKE THAT is a SOTY material, FACT."
             20Y1G YEO CHANG XIN VICTOR           ,2700.0,"Guys, the number of views is not important. The main thing is that we must be happy that our queens finally hit us with that comeback. And also if they are comfortable with it :)Edit. Thanks for the likes! Anyways...BP has broken records! Fastest MV to hit 100M views, most viewed MV in 24 hours!! Way to go blinks! It has been a week since their comeback, and we have already hit 218M views! Although the view count is dropping, we ain't gonna care about that. We are glad BP's ddu du ddu du surpassed 1B and that is all we ask for.Edit: damn 700 likes thx! :3ok yall are crazy 900 likes? WTH??Wtf 1.1k? Are yall insane???Woah I nvr got this many likes thanks!! :DI havent checked in like 2 months and its at 2.2k? Waaaaaaaaaaaat"
             manjumie kim           ,12000.0,Who is still streaming for MUSIC VIDEO OF THE YEAR?
             TR Melike Beyaz           ,838.0,TURKƒ∞SH Blink
             Meriah           ,80000.0,I hate that people are fighting over this... I‚Äôm army and blink so I don‚Äôt like the 2 fandoms fighting. Or anybody fighting over a long waited song. And it‚Äôs not just army‚Äôs or blinks it‚Äôs random people who have never listened to KPOP and just want something to bother people about. Haters are gonna be haters but the fan wars... what‚Äôs the point??? KPOP idols get along perfectly fine so why can‚Äôt we.
             VocalQueenLisa           ,779.0,If you think BLACKPINK deserve lots of awards then don't forget to str3am HYLT like its your lasfhjsk
             Myrtle           ,45000.0,"Haters: hard spam to freeze vi–µwsBlinks: silently break recordHow you like that, haters?ps. sorry for my eng (I'm russian)"
             LA           ,10000.0,"EVEN IF ITS TWENTY FOUR HOURS ALREADY, PLEASE DON'T STOP STRMING. LET'S REACH ONE HUNDRED MILLION VIEWS TODAY.I didn't expect this would get so many likes.. BUT PLEASE KEEP STREAMING! LETS BEAT THE RECORD OF THE FASTEST MV TO REACH 100 MILLION VI3WS.update: we reached 400 million views in just 43 days and it's exactly blackpink's 4th anniversary ü•∫ just wow üëèüèºüñ§üíó FOURever üñ§üíó"
             ROSILY NC           ,438.0,VOTE BLACKPINK FOR MAMA 2020! Our girls deserve it!
             Baby Lisa           ,243.0,VOTE IN MAMA 2020 BLINKS. OUR GIRLS NEED WINS !!!!
             yashwanth kommasani           ,16000.0,This comment section is getting worse
             ÊØõÊØõ           ,4000.0,80M in 24h we did it blinksss
             Irene Dominguez           ,301.0,Vote MAMA BLACKPINK HOU YOU LIKE THAT Best song of year
             4 years with JenChuLiChaeng           ,465.0,Blinks don't forget to vote on mama soty and hylt then the album
             ÿ≥ÿ™Ÿàÿ±Ÿäÿßÿ™ ŸÖŸÜŸàÿπÿ©           ,1000.0,ŸÉŸÖ ÿπÿ±ÿ®Ÿä Ÿäÿ≠ÿ∑ ŸÑÿßŸäŸÉ
